Date,Close,GDP,Inflation,Interest Rate,VIX,Stock_Returns
2023-01-03,962.2999877929688,6.3,6.155075939,6.5,14.775,0.02198387079837172
2023-01-04,957.4500122070312,6.3,6.155075939,6.5,14.775,-0.005039983006817739
2023-01-05,949.5499877929688,6.3,6.155075939,6.5,14.775,-0.008251109001348289
2023-01-06,939.9000244140625,6.3,6.155075939,6.5,14.775,-0.010162670215325464
2023-01-09,958.75,6.3,6.155075939,6.5,14.775,0.020055298538468103
2023-01-10,952.1500244140625,6.3,6.155075939,6.5,14.775,-0.00688393802966103
2023-01-11,949.75,6.3,6.155075939,6.5,14.775,-0.002520636824579703
2023-01-12,935.5499877929688,6.3,6.155075939,6.5,14.775,-0.014951315827355871
2023-01-13,934.1500244140625,6.3,6.155075939,6.5,14.775,-0.0014964068164960986
2023-01-16,913.1500244140625,6.3,6.155075939,6.5,14.775,-0.022480329123977794
2023-01-17,917.7000122070312,6.3,6.155075939,6.5,14.775,0.004982738511000173
2023-01-18,924.0,6.3,6.155075939,6.5,14.775,0.006864975165269405
2023-01-19,928.7000122070312,6.3,6.155075939,6.5,14.775,0.0050865932976529304
2023-01-20,930.5499877929688,6.3,6.155075939,6.5,14.775,0.0019920055578992457
2023-01-23,932.7000122070312,6.3,6.155075939,6.5,14.775,0.0023104878214676994
2023-01-24,910.2000122070312,6.3,6.155075939,6.5,14.775,-0.024123512067678266
2023-01-25,892.3499755859375,6.3,6.155075939,6.5,14.775,-0.019611114460228785
2023-01-27,873.75,6.3,6.155075939,6.5,14.775,-0.02084381251170464
2023-01-30,871.8499755859375,6.3,6.155075939,6.5,14.775,-0.0021745629917739873
2023-01-31,871.5999755859375,6.3,6.155075939,6.5,14.775,-0.00028674658140814824
2023-02-01,857.25,6.5,6.16,6.5,15.1675,-0.016463946750676195
2023-02-02,868.4500122070312,6.5,6.16,6.5,15.1675,0.013065047777230943
2023-02-03,882.5999755859375,6.5,6.16,6.5,15.1675,0.016293353883370054
2023-02-06,882.6500244140625,6.5,6.16,6.5,15.1675,5.670612906127914e-05
2023-02-07,879.0999755859375,6.5,6.16,6.5,15.1675,-0.004022034475648084
2023-02-08,871.75,6.5,6.16,6.5,15.1675,-0.008360796030097206
2023-02-09,867.7000122070312,6.5,6.16,6.5,15.1675,-0.004645813355857453
2023-02-10,867.25,6.5,6.16,6.5,15.1675,-0.0005186264846148703
2023-02-13,859.0999755859375,6.5,6.16,6.5,15.1675,-0.009397549050518927
2023-02-14,870.75,6.5,6.16,6.5,15.1675,0.013560731864899367
2023-02-15,868.2999877929688,6.5,6.16,6.5,15.1675,-0.002813680398542906
2023-02-16,864.75,6.5,6.16,6.5,15.1675,-0.004088434691784437
2023-02-17,854.9000244140625,6.5,6.16,6.5,15.1675,-0.011390547078274027
2023-02-20,846.75,6.5,6.16,6.5,15.1675,-0.009533307031601046
2023-02-21,844.0499877929688,6.5,6.16,6.5,15.1675,-0.003188676949549718
2023-02-22,833.3499755859375,6.5,6.16,6.5,15.1675,-0.012676988758698715
2023-02-23,844.3499755859375,6.5,6.16,6.5,15.1675,0.01319973639198313
2023-02-24,851.4000244140625,6.5,6.16,6.5,15.1675,0.0083496761200621
2023-02-27,854.3499755859375,6.5,6.16,6.5,15.1675,0.0034648239221102273
2023-02-28,844.0999755859375,6.5,6.16,6.5,15.1675,-0.01199742528577974
2023-03-01,865.1500244140625,6.1,5.793650794,6.5,15.6625,0.024937862145432366
2023-03-02,845.4500122070312,6.1,5.793650794,6.5,15.6625,-0.0227706312790934
2023-03-03,852.6500244140625,6.1,5.793650794,6.5,15.6625,0.008516189133684904
2023-03-06,859.5,6.1,5.793650794,6.5,15.6625,0.008033748184836709
2023-03-08,860.9500122070312,6.1,5.793650794,6.5,15.6625,0.0016870415439571573
2023-03-09,867.7999877929688,6.1,5.793650794,6.5,15.6625,0.007956298842923148
2023-03-10,851.9000244140625,6.1,5.793650794,6.5,15.6625,-0.018322152111736933
2023-03-13,832.3499755859375,6.1,5.793650794,6.5,15.6625,-0.02294875955846054
2023-03-14,832.8499755859375,6.1,5.793650794,6.5,15.6625,0.0006007088540467276
2023-03-15,824.0499877929688,6.1,5.793650794,6.5,15.6625,-0.010566114007240834
2023-03-16,830.5499877929688,6.1,5.793650794,6.5,15.6625,0.007887870998467994
2023-03-17,837.4000244140625,6.1,5.793650794,6.5,15.6625,0.00824759102013406
2023-03-20,837.5499877929688,6.1,5.793650794,6.5,15.6625,0.00017908212865314077
2023-03-21,855.5999755859375,6.1,5.793650794,6.5,15.6625,0.021550937921367863
2023-03-22,849.6500244140625,6.1,5.793650794,6.5,15.6625,-0.006954127327785775
2023-03-23,848.7999877929688,6.1,5.793650794,6.5,15.6625,-0.0010004550069658835
2023-03-24,839.9000244140625,6.1,5.793650794,6.5,15.6625,-0.010485348146679119
2023-03-27,833.3499755859375,6.1,5.793650794,6.5,15.6625,-0.007798605355077259
2023-03-28,832.4500122070312,6.1,5.793650794,6.5,15.6625,-0.0010799344876364358
2023-03-29,842.5999755859375,6.1,5.793650794,6.5,15.6625,0.012192880329229938
2023-03-31,858.5,6.1,5.793650794,6.5,15.6625,0.018870193300214222
2023-04-03,864.5999755859375,5.8,5.090054816,6.5,15.99,0.007105387985949285
2023-04-05,860.5,5.8,5.090054816,6.5,15.99,-0.004742049157656969
2023-04-06,851.9500122070312,5.8,5.090054816,6.5,15.99,-0.009936069486308874
2023-04-10,847.3499755859375,5.8,5.090054816,6.5,15.99,-0.005399420805426214
2023-04-11,853.2999877929688,5.8,5.090054816,6.5,15.99,0.007021906388699595
2023-04-12,851.0499877929688,5.8,5.090054816,6.5,15.99,-0.0026368217885711642
2023-04-13,864.3499755859375,5.8,5.090054816,6.5,15.99,0.015627739831663323
2023-04-17,864.5499877929688,5.8,5.090054816,6.5,15.99,0.00023140187734216333
2023-04-18,863.3499755859375,5.8,5.090054816,6.5,15.99,-0.0013880194598054896
2023-04-19,873.4000244140625,5.8,5.090054816,6.5,15.99,0.01164075880271409
2023-04-20,868.75,5.8,5.090054816,6.5,15.99,-0.005324048871171105
2023-04-21,864.2000122070312,5.8,5.090054816,6.5,15.99,-0.005237396020683405
2023-04-24,882.2999877929688,5.8,5.090054816,6.5,15.99,0.020944197327321223
2023-04-25,878.3499755859375,5.8,5.090054816,6.5,15.99,-0.004476949180189815
2023-04-26,887.6500244140625,5.8,5.090054816,6.5,15.99,0.010588090267687589
2023-04-27,881.4000244140625,5.8,5.090054816,6.5,15.99,-0.007041063288569904
2023-04-28,860.0,5.8,5.090054816,6.5,15.99,-0.024279582279667866
2023-05-02,870.6500244140625,5.9,4.418604651,6.5,16.0975,0.012383749318677362
2023-05-03,859.8499755859375,5.9,4.418604651,6.5,16.0975,-0.01240458108916187
2023-05-04,865.9500122070312,5.9,4.418604651,6.5,16.0975,0.007094303418380576
2023-05-05,865.2999877929688,5.9,4.418604651,6.5,16.0975,-0.0007506488883877172
2023-05-08,878.4500122070312,5.9,4.418604651,6.5,16.0975,0.015197069917454842
2023-05-09,888.25,5.9,4.418604651,6.5,16.0975,0.011155999381623483
2023-05-10,889.9000244140625,5.9,4.418604651,6.5,16.0975,0.001857612624894367
2023-05-11,895.9500122070312,5.9,4.418604651,6.5,16.0975,0.00679850278344718
2023-05-12,910.6500244140625,5.9,4.418604651,6.5,16.0975,0.01640717897957278
2023-05-15,915.7999877929688,5.9,4.418604651,6.5,16.0975,0.005655260792662764
2023-05-16,917.7999877929688,5.9,4.418604651,6.5,16.0975,0.002183882972983886
2023-05-17,914.7999877929688,5.9,4.418604651,6.5,16.0975,-0.0032686860317072686
2023-05-18,914.7000122070312,5.9,4.418604651,6.5,16.0975,-0.00010928682473931861
2023-05-19,924.0499877929688,5.9,4.418604651,6.5,16.0975,0.010221903860455184
2023-05-22,917.5499877929688,5.9,4.418604651,6.5,16.0975,-0.007034251486247811
2023-05-23,916.1500244140625,5.9,4.418604651,6.5,16.0975,-0.0015257625170631561
2023-05-24,917.7000122070312,5.9,4.418604651,6.5,16.0975,0.0016918493168847082
2023-05-25,921.0499877929688,5.9,4.418604651,6.5,16.0975,0.003650403771795707
2023-05-26,926.9500122070312,5.9,4.418604651,6.5,16.0975,0.006405759179477499
2023-05-29,929.7999877929688,5.9,4.418604651,6.5,16.0975,0.0030745731144139476
2023-05-30,937.4500122070312,5.9,4.418604651,6.5,16.0975,0.008227602188101812
2023-05-31,914.8499755859375,5.9,4.418604651,6.5,16.0975,-0.0241079911747899
2023-06-01,919.7000122070312,6.0,5.572755418,6.5,15.3025,0.005301455703693225
2023-06-02,926.0999755859375,6.0,5.572755418,6.5,15.3025,0.006958750999195962
2023-06-05,950.8499755859375,6.0,5.572755418,6.5,15.3025,0.026724976409097545
2023-06-06,968.2000122070312,6.0,5.572755418,6.5,15.3025,0.01824687076465681
2023-06-07,976.75,6.0,5.572755418,6.5,15.3025,0.008830807359193171
2023-06-08,962.0999755859375,6.0,5.572755418,6.5,15.3025,-0.014998745240913713
2023-06-09,974.75,6.0,5.572755418,6.5,15.3025,0.013148347089769308
2023-06-12,974.2000122070312,6.0,5.572755418,6.5,15.3025,-0.0005642347196396225
2023-06-13,985.8499755859375,6.0,5.572755418,6.5,15.3025,0.011958492335176096
2023-06-14,977.7000122070312,6.0,5.572755418,6.5,15.3025,-0.008266940792956201
2023-06-15,977.1500244140625,6.0,5.572755418,6.5,15.3025,-0.0005625322553972634
2023-06-16,981.5499877929688,6.0,5.572755418,6.5,15.3025,0.004502853470780721
2023-06-19,965.6500244140625,6.0,5.572755418,6.5,15.3025,-0.016198832027554233
2023-06-20,974.8499755859375,6.0,5.572755418,6.5,15.3025,0.009527210624219018
2023-06-21,966.0,6.0,5.572755418,6.5,15.3025,-0.009078294924937724
2023-06-22,966.5999755859375,6.0,5.572755418,6.5,15.3025,0.0006210927390657428
2023-06-23,958.4000244140625,6.0,5.572755418,6.5,15.3025,-0.008483293377805401
2023-06-26,960.5499877929688,6.0,5.572755418,6.5,15.3025,0.00224328393587081
2023-06-27,973.25,6.0,5.572755418,6.5,15.3025,0.01322160467276845
2023-06-28,978.2000122070312,6.0,5.572755418,6.5,15.3025,0.005086064430548376
2023-06-30,987.4500122070312,6.0,5.572755418,6.5,15.3025,0.009456143819841056
2023-07-03,982.0999755859375,5.8,7.544264819,6.5,15.305,-0.005418032867442024
2023-07-04,970.7000122070312,5.8,7.544264819,6.5,15.305,-0.011607742248547437
2023-07-05,966.5,5.8,7.544264819,6.5,15.305,-0.004326787013715916
2023-07-06,980.9500122070312,5.8,7.544264819,6.5,15.305,0.014950866225588388
2023-07-07,976.7000122070312,5.8,7.544264819,6.5,15.305,-0.00433253473379136
2023-07-10,964.0499877929688,5.8,7.544264819,6.5,15.305,-0.012951801224490023
2023-07-11,953.2000122070312,5.8,7.544264819,6.5,15.305,-0.011254577795054677
2023-07-12,950.0,5.8,7.544264819,6.5,15.305,-0.003357125646297421
2023-07-13,960.1500244140625,5.8,7.544264819,6.5,15.305,0.010684236225328991
2023-07-14,957.0499877929688,5.8,7.544264819,6.5,15.305,-0.0032287002471156345
2023-07-17,964.8499755859375,5.8,7.544264819,6.5,15.305,0.008150031756393616
2023-07-18,963.6500244140625,5.8,7.544264819,6.5,15.305,-0.0012436660644016273
2023-07-19,964.2999877929688,5.8,7.544264819,6.5,15.305,0.0006744807372380812
2023-07-20,977.9000244140625,5.8,7.544264819,6.5,15.305,0.014103532918444461
2023-07-21,971.2999877929688,5.8,7.544264819,6.5,15.305,-0.006749193635666728
2023-07-24,971.5,5.8,7.544264819,6.5,15.305,0.00020592217599602058
2023-07-25,962.5,5.8,7.544264819,6.5,15.305,-0.009264024704065843
2023-07-26,976.7999877929688,5.8,7.544264819,6.5,15.305,0.014857130174513067
2023-07-27,959.9000244140625,5.8,7.544264819,6.5,15.305,-0.017301355026724474
2023-07-28,949.9500122070312,5.8,7.544264819,6.5,15.305,-0.010365675543247188
2023-07-31,953.9000244140625,5.8,7.544264819,6.5,15.305,0.004158126381675675
2023-08-01,959.9000244140625,6.1,6.912442396,6.5,14.625,0.006289967340849412
2023-08-02,945.25,6.1,6.912442396,6.5,14.625,-0.015262031504796658
2023-08-03,935.5499877929688,6.1,6.912442396,6.5,14.625,-0.010261848407332685
2023-08-04,952.25,6.1,6.912442396,6.5,14.625,0.017850475575792446
2023-08-07,947.4000244140625,6.1,6.912442396,6.5,14.625,-0.00509317467675241
2023-08-08,952.9000244140625,6.1,6.912442396,6.5,14.625,0.00580536189388603
2023-08-09,950.0,6.1,6.912442396,6.5,14.625,-0.003043366921777313
2023-08-10,939.75,6.1,6.912442396,6.5,14.625,-0.010789473684210571
2023-08-11,937.2000122070312,6.1,6.912442396,6.5,14.625,-0.0027134746400305776
2023-08-14,939.9500122070312,6.1,6.912442396,6.5,14.625,0.0029342722622505146
2023-08-16,933.0499877929688,6.1,6.912442396,6.5,14.625,-0.007340841879304838
2023-08-17,936.5499877929688,6.1,6.912442396,6.5,14.625,0.0037511387876214553
2023-08-18,943.0499877929688,6.1,6.912442396,6.5,14.625,0.006940366328248571
2023-08-21,952.5999755859375,6.1,6.912442396,6.5,14.625,0.01012670369183577
2023-08-22,957.0499877929688,6.1,6.912442396,6.5,14.625,0.004671438506277603
2023-08-23,979.25,6.1,6.912442396,6.5,14.625,0.02319629328685968
2023-08-24,981.3499755859375,6.1,6.912442396,6.5,14.625,0.002144473409178005
2023-08-25,983.0999755859375,6.1,6.912442396,6.5,14.625,0.0017832578015350986
2023-08-28,990.2000122070312,6.1,6.912442396,6.5,14.625,0.007222090120449831
2023-08-29,980.7000122070312,6.1,6.912442396,6.5,14.625,-0.009594021291542632
2023-08-30,983.3499755859375,6.1,6.912442396,6.5,14.625,0.0027021141489971257
2023-08-31,973.5,6.1,6.912442396,6.5,14.625,-0.010016754797871785
2023-09-01,991.1500244140625,5.7,5.02,6.5,15.205,0.01813048219215463
2023-09-04,982.25,5.7,5.02,6.5,15.205,-0.008979492705278314
2023-09-05,981.4500122070312,5.7,5.02,6.5,15.205,-0.0008144441771125166
2023-09-06,965.0499877929688,5.7,5.02,6.5,15.205,-0.016709994610100476
2023-09-07,978.2000122070312,5.7,5.02,6.5,15.205,0.013626262453135807
2023-09-08,980.2999877929688,5.7,5.02,6.5,15.205,0.0021467752604087398
2023-09-11,1000.400024414062,5.7,5.02,6.5,15.205,0.02050396498152174
2023-09-12,1000.900024414062,5.7,5.02,6.5,15.205,0.0004998000677707282
2023-09-13,1014.450012207031,5.7,5.02,6.5,15.205,0.01353780343936073
2023-09-14,1020.900024414062,5.7,5.02,6.5,15.205,0.006358137049058188
2023-09-15,1027.150024414062,5.7,5.02,6.5,15.205,0.006122049025894638
2023-09-18,1024.75,5.7,5.02,6.5,15.205,-0.0023365860458710586
2023-09-20,1027.300048828125,5.7,5.02,6.5,15.205,0.002488459456574832
2023-09-21,1014.450012207031,5.7,5.02,6.5,15.205,-0.012508552526355299
2023-09-22,1018.25,5.7,5.02,6.5,15.205,0.0037458600692426014
2023-09-25,1018.950012207031,5.7,5.02,6.5,15.205,0.0006874659533817606
2023-09-26,1014.150024414062,5.7,5.02,6.5,15.205,-0.004710719599062885
2023-09-27,1025.199951171875,5.7,5.02,6.5,15.205,0.010895751606570414
2023-09-28,1030.900024414062,5.7,5.02,6.5,15.205,0.005559962459685597
2023-09-29,1036.699951171875,5.7,5.02,6.5,15.205,0.00562608072602333
2023-10-03,1041.050048828125,5.5,4.87,6.5,14.425,0.004196100956050719
2023-10-04,995.5499877929688,5.5,4.87,6.5,14.425,-0.04370593045586435
2023-10-05,1003.25,5.5,4.87,6.5,14.425,0.007734430517247537
2023-10-06,1000.950012207031,5.5,4.87,6.5,14.425,-0.0022925370475643803
2023-10-09,996.25,5.5,4.87,6.5,14.425,-0.00469555137590516
2023-10-10,1012.25,5.5,4.87,6.5,14.425,0.016060225846926013
2023-10-11,1019.099975585938,5.5,4.87,6.5,14.425,0.006767078869783116
2023-10-12,1018.450012207031,5.5,4.87,6.5,14.425,-0.0006377817628081539
2023-10-13,994.0499877929688,5.5,4.87,6.5,14.425,-0.023957999039330602
2023-10-16,1004.799987792969,5.5,4.87,6.5,14.425,0.010814345487662802
2023-10-17,1008.049987792969,5.5,4.87,6.5,14.425,0.0032344745615877635
2023-10-18,992.8499755859375,5.5,4.87,6.5,14.425,-0.01507862942423166
2023-10-19,991.4000244140625,5.5,4.87,6.5,14.425,-0.0014603930176050328
2023-10-20,980.3499755859375,5.5,4.87,6.5,14.425,-0.011145903324599749
2023-10-23,964.2999877929688,5.5,4.87,6.5,14.425,-0.016371691939275013
2023-10-25,955.4500122070312,5.5,4.87,6.5,14.425,-0.009177616610980932
2023-10-26,972.0499877929688,5.5,4.87,6.5,14.425,0.01737398647114219
2023-10-27,1002.75,5.5,4.87,6.5,14.425,0.031582750468147625
2023-10-30,989.2000122070312,5.5,4.87,6.5,14.425,-0.013512827517296211
2023-10-31,981.8499755859375,5.5,4.87,6.5,14.425,-0.007430283593198639
2023-11-01,971.7999877929688,5.3,5.55,6.5,14.7,-0.010235767217869784
2023-11-02,982.9500122070312,5.3,5.55,6.5,14.7,0.011473579495905328
2023-11-03,988.8499755859375,5.3,5.55,6.5,14.7,0.006002302564358297
2023-11-06,1009.400024414062,5.3,5.55,6.5,14.7,0.020781766026689574
2023-11-07,1020.900024414062,5.3,5.55,6.5,14.7,0.011392906401677116
2023-11-08,1021.700012207031,5.3,5.55,6.5,14.7,0.0007836103181877441
2023-11-09,1021.900024414062,5.3,5.55,6.5,14.7,0.0001957641231684626
2023-11-10,1029.199951171875,5.3,5.55,6.5,14.7,0.007143484277729151
2023-11-13,1025.349975585938,5.3,5.55,6.5,14.7,-0.003740745985805094
2023-11-15,1041.349975585938,5.3,5.55,6.5,14.7,0.015604428127924619
2023-11-16,1026.349975585938,5.3,5.55,6.5,14.7,-0.014404379268900369
2023-11-17,994.3499755859375,5.3,5.55,6.5,14.7,-0.031178448639541112
2023-11-20,988.7000122070312,5.3,5.55,6.5,14.7,-0.00568206719729325
2023-11-21,991.7999877929688,5.3,5.55,6.5,14.7,0.0031354056312971057
2023-11-22,998.0999755859375,5.3,5.55,6.5,14.7,0.006352074884562242
2023-11-23,999.0499877929688,5.3,5.55,6.5,14.7,0.0009518206895793302
2023-11-24,1008.5,5.3,5.55,6.5,14.7,0.009458998370949878
2023-11-28,1021.150024414062,5.3,5.55,6.5,14.7,0.012543405467587476
2023-11-29,1060.150024414062,5.3,5.55,6.5,14.7,0.038192233332588144
2023-11-30,1074.25,5.3,5.55,6.5,14.7,0.013299981381154957
2023-12-01,1104.650024414062,5.6,5.69,6.5,14.3725,0.02829883585204751
2023-12-04,1125.599975585938,5.6,5.69,6.5,14.3725,0.018965238499848214
2023-12-05,1132.449951171875,5.6,5.69,6.5,14.3725,0.006085621654683626
2023-12-06,1120.5,5.6,5.69,6.5,14.3725,-0.010552299604507098
2023-12-07,1117.849975585938,5.6,5.69,6.5,14.3725,-0.0023650374065703472
2023-12-08,1131.199951171875,5.6,5.69,6.5,14.3725,0.011942546743751947
2023-12-11,1116.5,5.6,5.69,6.5,14.3725,-0.012995006900987316
2023-12-12,1131.0,5.6,5.69,6.5,14.3725,0.01298701298701288
2023-12-13,1114.849975585938,5.6,5.69,6.5,14.3725,-0.014279420348419114
2023-12-14,1120.449951171875,5.6,5.69,6.5,14.3725,0.005023075488694184
2023-12-15,1120.349975585938,5.6,5.69,6.5,14.3725,-8.922806934164029e-05
2023-12-18,1111.349975585938,5.6,5.69,6.5,14.3725,-0.008033204084547774
2023-12-19,1120.25,5.6,5.69,6.5,14.3725,0.00800830036404121
2023-12-20,1110.25,5.6,5.69,6.5,14.3725,-0.008926578888640901
2023-12-21,1095.400024414062,5.6,5.69,6.5,14.3725,-0.013375343918881288
2023-12-22,1088.300048828125,5.6,5.69,6.5,14.3725,-0.006481628106348558
2023-12-26,1094.25,5.6,5.69,6.5,14.3725,0.005467197376570754
2023-12-27,1106.349975585938,5.6,5.69,6.5,14.3725,0.011057779836360915
2023-12-28,1107.849975585938,5.6,5.69,6.5,14.3725,0.0013558096742449788
2023-12-29,1102.300048828125,5.6,5.69,6.5,14.3725,-0.0050096374781049
2024-01-01,1097.699951171875,6.2,5.1,6.5,14.45,-0.004173181032823492
2024-01-02,1093.25,6.2,5.1,6.5,14.45,-0.004053886644637572
2024-01-03,1098.599975585938,6.2,5.1,6.5,14.45,0.004893643344100473
2024-01-04,1123.400024414062,6.2,5.1,6.5,14.45,0.022574230274215124
2024-01-05,1136.949951171875,6.2,5.1,6.5,14.45,0.012061533259161372
2024-01-08,1122.0,6.2,5.1,6.5,14.45,-0.013149172623179939
2024-01-09,1116.550048828125,6.2,5.1,6.5,14.45,-0.004857353985628365
2024-01-10,1107.0,6.2,5.1,6.5,14.45,-0.0085531757740267
2024-01-11,1125.75,6.2,5.1,6.5,14.45,0.01693766937669383
2024-01-12,1120.349975585938,6.2,5.1,6.5,14.45,-0.0047968238188426104
2024-01-15,1119.5,6.2,5.1,6.5,14.45,-0.000758669705413606
2024-01-16,1119.099975585938,6.2,5.1,6.5,14.45,-0.0003573241751335665
2024-01-17,1082.300048828125,6.2,5.1,6.5,14.45,-0.03288350242215421
2024-01-18,1097.5,6.2,5.1,6.5,14.45,0.014044119454982074
2024-01-19,1116.550048828125,6.2,5.1,6.5,14.45,0.0173576754698177
2024-01-23,1089.25,6.2,5.1,6.5,14.45,-0.024450358366629232
2024-01-24,1059.150024414062,6.2,5.1,6.5,14.45,-0.027633670494319862
2024-01-25,1042.25,6.2,5.1,6.5,14.45,-0.015956213968282174
2024-01-29,1061.25,6.2,5.1,6.5,14.45,0.01822979131686253
2024-01-30,1054.099975585938,6.2,5.1,6.5,14.45,-0.006737361049763968
2024-01-31,1067.75,6.2,5.1,6.5,14.45,0.012949458998397612
2024-02-01,1084.25,6.3,5.09,6.5,14.5275,0.015453055490517453
2024-02-02,1067.050048828125,6.3,5.09,6.5,14.5275,-0.0158634550812774
2024-02-05,1061.5,6.3,5.09,6.5,14.5275,-0.005201301320608365
2024-02-06,1050.050048828125,6.3,5.09,6.5,14.5275,-0.010786576704545414
2024-02-07,1069.099975585938,6.3,5.09,6.5,14.5275,0.018141922643661657
2024-02-08,1035.900024414062,6.3,5.09,6.5,14.5275,-0.031054112739718365
2024-02-09,1051.400024414062,6.3,5.09,6.5,14.5275,0.014962833897766536
2024-02-12,1046.699951171875,6.3,5.09,6.5,14.5275,-0.004470299727077132
2024-02-13,1070.75,6.3,5.09,6.5,14.5275,0.022977022977022976
2024-02-14,1096.849975585938,6.3,5.09,6.5,14.5275,0.02437541497636042
2024-02-15,1072.199951171875,6.3,5.09,6.5,14.5275,-0.02247346944680828
2024-02-16,1068.75,6.3,5.09,6.5,14.5275,-0.0032176378744508405
2024-02-19,1062.949951171875,6.3,5.09,6.5,14.5275,-0.005426946271929856
2024-02-20,1088.599975585938,6.3,5.09,6.5,14.5275,0.02413098037756578
2024-02-21,1084.199951171875,6.3,5.09,6.5,14.5275,-0.0040419111820158005
2024-02-22,1100.900024414062,6.3,5.09,6.5,14.5275,0.015403130413478072
2024-02-23,1096.800048828125,6.3,5.09,6.5,14.5275,-0.003724203374524615
2024-02-26,1085.199951171875,6.3,5.09,6.5,14.5275,-0.010576310302542469
2024-02-27,1079.050048828125,6.3,5.09,6.5,14.5275,-0.005667068393348962
2024-02-28,1074.199951171875,6.3,5.09,6.5,14.5275,-0.004494784705785682
2024-02-29,1075.099975585938,6.3,5.09,6.5,14.5275,0.0008378555715637948
2024-03-01,1099.25,6.0,4.85,6.5,14.14,0.022463049913939548
2024-03-04,1106.75,6.0,4.85,6.5,14.14,0.006822833750284252
2024-03-05,1100.800048828125,6.0,4.85,6.5,14.14,-0.005376057078721463
2024-03-06,1125.0,6.0,4.85,6.5,14.14,0.021983966295820334
2024-03-07,1111.449951171875,6.0,4.85,6.5,14.14,-0.01204448784722223
2024-03-11,1105.099975585938,6.0,4.85,6.5,14.14,-0.005713235741512057
2024-03-12,1097.0,6.0,4.85,6.5,14.14,-0.007329631494782385
2024-03-13,1080.400024414062,6.0,4.85,6.5,14.14,-0.015132156413799391
2024-03-14,1058.25,6.0,4.85,6.5,14.14,-0.02050168818357323
2024-03-15,1046.400024414062,6.0,4.85,6.5,14.14,-0.011197709034668546
2024-03-18,1061.349975585938,6.0,4.85,6.5,14.14,0.014287032514403109
2024-03-19,1050.800048828125,6.0,4.85,6.5,14.14,-0.009940101757658804
2024-03-20,1034.75,6.0,4.85,6.5,14.14,-0.015274122651616096
2024-03-21,1035.599975585938,6.0,4.85,6.5,14.14,0.0008214308634335588
2024-03-22,1033.300048828125,6.0,4.85,6.5,14.14,-0.0022208640517895617
2024-03-26,1040.550048828125,6.0,4.85,6.5,14.14,0.007016355034747512
2024-03-27,1052.849975585938,6.0,4.85,6.5,14.14,0.011820600817486149
2024-03-28,1047.199951171875,6.0,4.85,6.5,14.14,-0.005366409787793902
2024-04-01,1053.099975585938,6.1,4.83,6.5,14.1075,0.005634095386903404
2024-04-02,1047.199951171875,6.1,4.83,6.5,14.1075,-0.005602530197363453
2024-04-03,1063.25,6.1,4.83,6.5,14.1075,0.015326632521481809
2024-04-04,1062.949951171875,6.1,4.83,6.5,14.1075,-0.0002821996972725005
2024-04-05,1059.099975585938,6.1,4.83,6.5,14.1075,-0.003621972588354283
2024-04-08,1076.050048828125,6.1,4.83,6.5,14.1075,0.016004223994821265
2024-04-09,1080.0,6.1,4.83,6.5,14.1075,0.0036707875959642866
2024-04-10,1087.800048828125,6.1,4.83,6.5,14.1075,0.007222267433449003
2024-04-12,1073.449951171875,6.1,4.83,6.5,14.1075,-0.013191852373705237
2024-04-15,1057.949951171875,6.1,4.83,6.5,14.1075,-0.014439424942987555
2024-04-16,1051.900024414062,6.1,4.83,6.5,14.1075,-0.0057185377730879505
2024-04-18,1024.0,6.1,4.83,6.5,14.1075,-0.026523456380375232
2024-04-19,1029.099975585938,6.1,4.83,6.5,14.1075,0.004980444908142534
2024-04-22,1053.949951171875,6.1,4.83,6.5,14.1075,0.02414729003543914
2024-04-23,1055.75,6.1,4.83,6.5,14.1075,0.0017079073120347399
2024-04-24,1063.25,6.1,4.83,6.5,14.1075,0.007103954534690926
2024-04-25,1127.0,6.1,4.83,6.5,14.1075,0.05995767693392895
2024-04-26,1130.300048828125,6.1,4.83,6.5,14.1075,0.002928171098602439
2024-04-29,1159.25,6.1,4.83,6.5,14.1075,0.025612624897158653
2024-04-30,1165.900024414062,6.1,4.83,6.5,14.1075,0.005736488603892198
2024-05-02,1149.849975585938,5.9,4.75,6.5,13.7775,-0.013766230801985135
2024-05-03,1141.5,5.9,4.75,6.5,13.7775,-0.007261795680504335
2024-05-06,1143.650024414062,5.9,4.75,6.5,13.7775,0.001883508028087677
2024-05-07,1127.699951171875,5.9,4.75,6.5,13.7775,-0.013946638308654724
2024-05-08,1128.650024414062,5.9,4.75,6.5,13.7775,0.0008424876149013549
2024-05-09,1115.650024414062,5.9,4.75,6.5,13.7775,-0.011518185193633346
2024-05-10,1120.099975585938,5.9,4.75,6.5,13.7775,0.0039886622816263095
2024-05-13,1132.0,5.9,4.75,6.5,13.7775,0.01062407345186922
2024-05-14,1122.849975585938,5.9,4.75,6.5,13.7775,-0.008083060436450573
2024-05-15,1128.050048828125,5.9,4.75,6.5,13.7775,0.004631138046268024
2024-05-16,1139.300048828125,5.9,4.75,6.5,13.7775,0.00997296175970841
2024-05-17,1141.349975585938,5.9,4.75,6.5,13.7775,0.0017992861142430705
2024-05-21,1137.650024414062,5.9,4.75,6.5,13.7775,-0.0032417323792174324
2024-05-22,1126.0,5.9,4.75,6.5,13.7775,-0.01024042909862577
2024-05-23,1165.25,5.9,4.75,6.5,13.7775,0.03485790408525746
2024-05-24,1174.0,5.9,4.75,6.5,13.7775,0.007509118214975352
2024-05-27,1187.0,5.9,4.75,6.5,13.7775,0.011073253833049357
2024-05-28,1183.400024414062,5.9,4.75,6.5,13.7775,-0.0030328353714725864
2024-05-29,1159.75,5.9,4.75,6.5,13.7775,-0.019984809807462978
2024-05-30,1167.949951171875,5.9,4.75,6.5,13.7775,0.007070447227311982
2024-05-31,1162.150024414062,5.9,4.75,6.5,13.7775,-0.004965903506390479
2024-06-03,1223.900024414062,5.7,5.08,6.5,13.2675,0.05313427587039232
2024-06-04,1131.25,5.7,5.08,6.5,13.2675,-0.07570064757406791
2024-06-05,1184.5,5.7,5.08,6.5,13.2675,0.04707182320441983
2024-06-06,1170.949951171875,5.7,5.08,6.5,13.2675,-0.011439467140671122
2024-06-07,1186.800048828125,5.7,5.08,6.5,13.2675,0.013536101726967287
2024-06-10,1200.0,5.7,5.08,6.5,13.2675,0.011122304203567301
2024-06-11,1194.599975585938,5.7,5.08,6.5,13.2675,-0.004500020345051703
2024-06-12,1187.900024414062,5.7,5.08,6.5,13.2675,-0.005608531147499485
2024-06-13,1174.650024414062,5.7,5.08,6.5,13.2675,-0.011154137324423052
2024-06-14,1181.050048828125,5.7,5.08,6.5,13.2675,0.005448452118540947
2024-06-18,1191.900024414062,5.7,5.08,6.5,13.2675,0.009186719560871026
2024-06-19,1226.650024414062,5.7,5.08,6.5,13.2675,0.02915512986677138
2024-06-20,1239.5,5.7,5.08,6.5,13.2675,0.010475665699412495
2024-06-21,1237.449951171875,5.7,5.08,6.5,13.2675,-0.001653932092073429
2024-06-24,1228.099975585938,5.7,5.08,6.5,13.2675,-0.00755584141167287
2024-06-25,1271.449951171875,5.7,5.08,6.5,13.2675,0.03529840928891348
2024-06-26,1285.400024414062,5.7,5.08,6.5,13.2675,0.01097178322224135
2024-06-27,1288.949951171875,5.7,5.08,6.5,13.2675,0.0027617291818795575
2024-06-28,1265.25,5.7,5.08,6.5,13.2675,-0.018387022048705348
2024-07-01,1261.900024414062,6.0,3.54,6.5,13.19,-0.0026476787875423513
2024-07-02,1253.400024414062,6.0,3.54,6.5,13.19,-0.006735874344678594
2024-07-03,1280.0,6.0,3.54,6.5,13.19,0.02122225551924095
2024-07-04,1280.900024414062,6.0,3.54,6.5,13.19,0.0007031440734859284
2024-07-05,1287.050048828125,6.0,3.54,6.5,13.19,0.00480133054636811
2024-07-08,1287.849975585938,6.0,3.54,6.5,13.19,0.0006215195427259346
2024-07-09,1289.400024414062,6.0,3.54,6.5,13.19,0.0012035942520547405
2024-07-10,1291.650024414062,6.0,3.54,6.5,13.19,0.0017449976402958978
2024-07-11,1296.75,6.0,3.54,6.5,13.19,0.003948419068277698
2024-07-12,1317.300048828125,6.0,3.54,6.5,13.19,0.015847348238384518
2024-07-15,1307.449951171875,6.0,3.54,6.5,13.19,-0.007477489782994118
2024-07-16,1304.0,6.0,3.54,6.5,13.19,-0.002638686986666472
2024-07-18,1309.400024414062,6.0,3.54,6.5,13.19,0.004141123016918824
2024-07-19,1292.349975585938,6.0,3.54,6.5,13.19,-0.013021268145885223
2024-07-22,1282.5,6.0,3.54,6.5,13.19,-0.007621755539920283
2024-07-23,1263.25,6.0,3.54,6.5,13.19,-0.015009746588693917
2024-07-24,1239.25,6.0,3.54,6.5,13.19,-0.018998614684345938
2024-07-25,1175.900024414062,6.0,3.54,6.5,13.19,-0.05111960910707114
2024-07-26,1177.349975585938,6.0,3.54,6.5,13.19,0.001233056502910168
2024-07-29,1170.050048828125,6.0,3.54,6.5,13.19,-0.006200303146207564
2024-07-30,1170.0,6.0,3.54,6.5,13.19,-4.277494640092527e-05
2024-07-31,1166.099975585938,6.0,3.54,6.5,13.19,-0.0033333542000529848
2024-08-01,1172.300048828125,6.2,3.65,6.5,13.0525,0.005316931113965362
2024-08-02,1160.849975585938,6.2,3.65,6.5,13.0525,-0.009767186526719818
2024-08-05,1133.5,6.2,3.65,6.5,13.0525,-0.023560301642021497
2024-08-06,1126.099975585938,6.2,3.65,6.5,13.0525,-0.00652847323693162
2024-08-07,1136.800048828125,6.2,3.65,6.5,13.0525,0.009501885688808054
2024-08-08,1138.150024414062,6.2,3.65,6.5,13.0525,0.0011875224559751985
2024-08-09,1142.75,6.2,3.65,6.5,13.0525,0.004041624994302495
2024-08-12,1164.300048828125,6.2,3.65,6.5,13.0525,0.01885806066779705
2024-08-13,1159.599975585938,6.2,3.65,6.5,13.0525,-0.00403682302248265
2024-08-14,1153.099975585938,6.2,3.65,6.5,13.0525,-0.005605381283934174
2024-08-16,1166.849975585938,6.2,3.65,6.5,13.0525,0.011924378016757053
2024-08-19,1153.25,6.2,3.65,6.5,13.0525,-0.011655290629036252
2024-08-20,1168.0,6.2,3.65,6.5,13.0525,0.012789941469759425
2024-08-21,1174.400024414062,6.2,3.65,6.5,13.0525,0.005479472957244935
2024-08-22,1169.949951171875,6.2,3.65,6.5,13.0525,-0.0037892312241796233
2024-08-23,1165.949951171875,6.2,3.65,6.5,13.0525,-0.0034189496704482014
2024-08-26,1170.300048828125,6.2,3.65,6.5,13.0525,0.0037309471576183473
2024-08-27,1181.25,6.2,3.65,6.5,13.0525,0.009356533123996424
2024-08-28,1170.949951171875,6.2,3.65,6.5,13.0525,-0.008719618055555545
2024-08-29,1175.400024414062,6.2,3.65,6.5,13.0525,0.0038003957707444247
2024-08-30,1175.25,6.2,3.65,6.5,13.0525,-0.0001276368988819554
